Time,asks,bids,price
2020-05-05 18:00:00 UTC,9088093.74481911,12401439.5036311,8885.84867924528
2020-05-05 19:00:00 UTC,9377454.8461027,12257860.9835784,8911.815
2020-05-05 20:00:00 UTC,10702398.5651264,11823596.4705093,8944.33638655462
2020-05-05 21:00:00 UTC,11513509.5310125,10513672.5191087,8990.05445945946
2020-05-05 22:00:00 UTC,11574754.571815,10524589.0243804,8966.09640350877
2020-05-05 23:00:00 UTC,12197691.4468006,10183036.5830851,8979.4426446281
2020-05-06 00:00:00 UTC,11424967.4095259,10402039.6524195,8980.16427927928
2020-05-06 01:00:00 UTC,11584205.8957046,10365830.9429227,8975.06343971631
2020-05-06 02:00:00 UTC,11797457.0821804,10573319.4025692,8970.8885042735
2020-05-06 03:00:00 UTC,12181752.7694628,10252744.8535273,9002.16494949495
2020-05-06 04:00:00 UTC,12734970.113879,10111994.3131765,9027.86770833334
2020-05-06 05:00:00 UTC,11939807.8451933,10542303.6295272,9025.17567164179
2020-05-06 06:00:00 UTC,12644698.9160268,10817374.7826679,9038.02495726496
2020-05-06 07:00:00 UTC,12179192.4025949,10890574.5652055,9035.95447761194
2020-05-06 08:00:00 UTC,13581806.3997576,10285256.093859,9064.45875
2020-05-06 09:00:00 UTC,13817907.0480726,10502811.0363834,9076.46776422764
2020-05-06 10:00:00 UTC,13340343.885706,8764928.50955919,9180.30908256881
2020-05-06 11:00:00 UTC,13239961.1553249,8078882.23257745,9254.59098360656
2020-05-06 12:00:00 UTC,12079684.5472486,7875606.12926387,9303.7577443609
2020-05-06 13:00:00 UTC,12837531.9776044,9636257.13847311,9240.53356382979
2020-05-06 14:00:00 UTC,12987320.0580968,10601690.1194368,9232.42057017544
2020-05-06 15:00:00 UTC,14367131.1286865,10959077.2688554,9269.56599206349
2020-05-06 16:00:00 UTC,14431396.7078285,10817436.6672392,9278.66717592592
2020-05-06 17:00:00 UTC,14105164.093464,10963983.1260338,9262.96609523809
2020-05-06 18:00:00 UTC,13502873.5728339,11487968.3185807,9245.25810810811
2020-05-06 19:00:00 UTC,14132176.0136707,10788222.6267611,9265.92868421053
2020-05-06 20:00:00 UTC,13679013.1868002,10186088.3234504,9248.86637755102
2020-05-06 21:00:00 UTC,14870535.9572685,10155089.2909084,9284.21106481482
2020-05-06 22:00:00 UTC,15411254.7179834,12112147.5850644,9331.11461904762
2020-05-06 23:00:00 UTC,13324915.1556994,10734739.7242323,9301.7262735849
2020-05-07 00:00:00 UTC,12125104.2386907,9873403.51531328,9172.54683673469
2020-05-07 01:00:00 UTC,13875152.9010086,9581232.40733649,9233.72126865672
2020-05-07 02:00:00 UTC,14430490.3721974,8670529.36729671,9283.85789473684
2020-05-07 03:00:00 UTC,15111302.0442764,8559755.60574141,9309.85429078014
2020-05-07 04:00:00 UTC,14725485.6400426,9081826.39562884,9300.80855072464
2020-05-07 05:00:00 UTC,13928416.5210494,9442308.50605045,9292.05364661654
2020-05-07 06:00:00 UTC,13830271.511724,9660208.13770749,9289.04896000001
2020-05-07 07:00:00 UTC,14063610.8239333,9382963.84232464,9293.63904958678
2020-05-07 08:00:00 UTC,14191489.6783659,9265000.7576202,9308.95192307693
2020-05-07 09:00:00 UTC,14177037.1888925,10292848.099119,9309.80654205608
2020-05-07 10:00:00 UTC,13835685.7666025,10880626.5074187,9302.56822222222
2020-05-07 11:00:00 UTC,13302572.2987901,9462897.1412048,9290.36306722689
2020-05-07 12:00:00 UTC,13858308.5182308,9123069.9676539,9316.13139097745
2020-05-07 13:00:00 UTC,13101978.395052,8203912.80091426,9472.78723076923
2020-05-07 14:00:00 UTC,15510325.9587816,9346064.22804127,9519.27673469388
2020-05-07 15:00:00 UTC,16748820.0779464,9640163.14042522,9514.6946491228
2020-05-07 16:00:00 UTC,19127427.5796844,10055264.4565447,9567.07923809523
2020-05-07 17:00:00 UTC,15868403.2986329,13803283.3645668,9777.23152380952
2020-05-07 18:00:00 UTC,17398936.9536409,13063467.7308368,9817.15276190476
2020-05-07 19:00:00 UTC,19639953.7514053,15336850.5299098,9874.00973684211
2020-05-07 20:00:00 UTC,18043940.9616981,15632757.7899816,9846.46262135923
2020-05-07 21:00:00 UTC,18724777.0029271,17747392.037452,9831.09522988506
2020-05-07 22:00:00 UTC,21651675.5254546,16507582.5687294,9887.8562962963
2020-05-07 23:00:00 UTC,19306685.1018963,16220971.9537267,9967.66455357143
2020-05-08 00:00:00 UTC,15421528.6174446,16965938.3268384,9982.37046728972
2020-05-08 01:00:00 UTC,15933701.6700424,17283954.7731375,9992.92428
2020-05-08 02:00:00 UTC,13211688.3492184,17870832.4258363,9945.14
2020-05-08 03:00:00 UTC,11940990.9722122,19563750.8603001,9914.33711864407
2020-05-08 04:00:00 UTC,12434775.2120146,19614972.5062275,9918.25088461538
2020-05-08 05:00:00 UTC,12734797.1412878,19799720.4308039,9906.53903361344
2020-05-08 06:00:00 UTC,10709723.2248545,20634123.1666311,9823.04534782609
2020-05-08 07:00:00 UTC,10985278.2779138,16273000.6050429,9789.02130434783
2020-05-08 08:00:00 UTC,12364125.3435608,15495192.2357379,9857.5457079646
2020-05-08 09:00:00 UTC,12644366.8201344,16124718.9564673,9862.47045081967
2020-05-08 10:00:00 UTC,13232215.2556036,15323465.1883907,9904.425
2020-05-08 11:00:00 UTC,12880962.4426273,14459574.9087439,9930.0131092437
2020-05-08 12:00:00 UTC,11665987.5535226,15499951.1041856,9874.575078125
2020-05-08 13:00:00 UTC,11980722.3879363,15657296.0788619,9879.71
2020-05-08 14:00:00 UTC,15252860.481063,12437239.9539543,9954.73678899083
2020-05-08 15:00:00 UTC,16591620.6729918,10237697.9523117,9992.95166666667
2020-05-08 16:00:00 UTC,15898122.521338,10807632.0799951,9985.0704385965
2020-05-08 17:00:00 UTC,14699104.826216,11919857.5767519,9965.69004385964
2020-05-08 18:00:00 UTC,15075717.3092639,12334790.1379351,9970.55195833333
2020-05-08 19:00:00 UTC,14291604.1839813,12996967.9713648,9951.07902877697
2020-05-08 20:00:00 UTC,15004923.1667738,12758587.5813303,9966.73816964285
2020-05-08 21:00:00 UTC,16236350.0073283,13361759.70408,9992.95350877194
2020-05-08 22:00:00 UTC,15577445.3899283,13112243.046374,9978.78460526316
2020-05-08 23:00:00 UTC,12021227.9902238,12536574.5670554,9878.84675572519
2020-05-09 00:00:00 UTC,11628486.9713434,10734499.1395439,9852.69709677419
2020-05-09 01:00:00 UTC,13454019.1669524,10974501.3563199,9890.88127192983
2020-05-09 02:00:00 UTC,13206762.744708,11386237.1653855,9860.66684210526
2020-05-09 03:00:00 UTC,13871948.3687852,11306227.9444035,9876.05105263158
2020-05-09 04:00:00 UTC,13523960.3516937,11705549.8240182,9836.84560344828
2020-05-09 05:00:00 UTC,13382008.3849536,11914649.3345611,9813.19959016394
2020-05-09 06:00:00 UTC,13104436.6158358,11906842.9651927,9788.91275862069
2020-05-09 07:00:00 UTC,11529851.0660307,10612712.907808,9676.904921875
2020-05-09 08:00:00 UTC,10124192.1738666,9614472.3652117,9659.08632743362
2020-05-09 09:00:00 UTC,11221909.6174231,10107318.9856288,9689.09817307693
2020-05-09 10:00:00 UTC,10566157.2231727,10718365.2516348,9632.36719230769
2020-05-09 11:00:00 UTC,10886830.0317555,10946636.0271118,9636.37
2020-05-09 14:00:00 UTC,11894882.7205706,8751207.58538995,9693.277
2020-05-09 15:00:00 UTC,12349976.1445912,9464316.93059522,9666.6225625
2020-05-09 16:00:00 UTC,13200033.1792812,8898999.1917443,9741.30738317757
2020-05-09 17:00:00 UTC,14002876.4552192,8913754.60929419,9762.50173387097
2020-05-09 18:00:00 UTC,14399050.6148974,9479467.13619373,9767.67296610169
2020-05-09 19:00:00 UTC,15224856.5041088,9518113.8658974,9754.964875
2020-05-09 20:00:00 UTC,15136852.0947679,9455041.80503079,9730.61448113208
2020-05-09 21:00:00 UTC,13863795.6077044,9785959.97457793,9637.51108527132
2020-05-09 22:00:00 UTC,13478659.9390543,9902480.80656803,9635.93218253968
2020-05-09 23:00:00 UTC,12297736.1394896,10244800.2683636,9589.82449152543
2020-05-10 00:00:00 UTC,4454887.2458044,5303458.02242826,8987.45241935484
2020-05-10 01:00:00 UTC,3672537.0665652,5701167.56763382,8717.5473880597
2020-05-10 02:00:00 UTC,4576352.0354543,6538749.22937575,8684.7829296875
2020-05-10 03:00:00 UTC,5991444.25260178,6280803.81882938,8613.07353448276
2020-05-10 04:00:00 UTC,5775465.79313475,6737959.51025471,8551.71061983471
2020-05-10 05:00:00 UTC,6343677.47179348,5830766.99118759,8621.63247899159
2020-05-10 06:00:00 UTC,6528154.83690607,6375424.87475175,8608.84495762712
2020-05-10 07:00:00 UTC,6175922.36503968,4781886.66103699,8725.20495652174
2020-05-10 08:00:00 UTC,5992747.0236501,3942064.94092583,8838.66214285714
2020-05-10 09:00:00 UTC,6343981.56609291,4310810.5762773,8824.71125
2020-05-10 10:00:00 UTC,5864854.23716397,4262008.58171325,8785.5422761194
2020-05-10 11:00:00 UTC,5844712.30936803,4802621.40034654,8745.62344
2020-05-10 12:00:00 UTC,5919004.97045536,4882894.92425706,8740.01690677966
2020-05-10 13:00:00 UTC,6178630.21388436,5075899.76231772,8765.00315
2020-05-10 14:00:00 UTC,5911714.30176638,5286476.29314961,8741.85235294118
2020-05-10 15:00:00 UTC,5926375.3027596,6137822.18196163,8666.16766666666
2020-05-10 16:00:00 UTC,4661184.85696497,7085639.68226506,8576.70195652174
2020-05-10 17:00:00 UTC,5423299.93737582,6907474.04656853,8491.95830434782
2020-05-10 18:00:00 UTC,5860724.60185618,7097496.40933128,8511.13598039216
2020-05-10 19:00:00 UTC,5965834.90877141,7372501.41924332,8531.04500000001
2020-05-10 20:00:00 UTC,4872836.37587859,4911638.78061341,8716.04882653061
2020-05-10 21:00:00 UTC,5442907.99309858,5635084.74829469,8721.02069672131
2020-05-10 22:00:00 UTC,5792438.94449421,6209715.63297208,8741.96650793651
2020-05-10 23:00:00 UTC,6476213.21831031,6211438.88442149,8719.8976744186
2020-05-11 00:00:00 UTC,6545078.60735853,5856170.55685905,8772.68073275862
2020-05-11 01:00:00 UTC,6052698.24034772,6700601.94395719,8733.14574074074
2020-05-11 02:00:00 UTC,6198368.07323211,6950177.64453413,8742.77441860465
2020-05-11 03:00:00 UTC,6542094.36919798,7150461.63096084,8725.12644628099
2020-05-11 04:00:00 UTC,6038974.70531377,7056767.64315394,8690.27768867924
2020-05-11 05:00:00 UTC,5830709.15228792,7439396.73816531,8666.25699074074
2020-05-11 06:00:00 UTC,5844017.13406527,6989619.45955094,8705.90487603306
2020-05-11 07:00:00 UTC,5719101.27931106,7225901.36877294,8677.6102919708
2020-05-11 08:00:00 UTC,5787115.05059532,7757334.51242442,8634.20326923076
2020-05-11 09:00:00 UTC,5342295.93805917,8559832.57498274,8575.07396396396
2020-05-11 10:00:00 UTC,6351345.4504072,6354844.00940669,8693.63252525253
2020-05-11 11:00:00 UTC,6875623.47322665,5203215.70657784,8842.3530859375
2020-05-11 12:00:00 UTC,6973465.47073357,4887231.75923252,9015.23719626168
2020-05-11 13:00:00 UTC,4768387.70170147,5911477.88435628,8877.03356521739
2020-05-11 14:00:00 UTC,6412257.06199727,6268838.93887703,8892.73769911504
2020-05-11 15:00:00 UTC,6198249.86041961,5987832.12624081,8909.9343697479
2020-05-11 16:00:00 UTC,5062172.858746,6532282.23357408,8785.97465217392
2020-05-11 17:00:00 UTC,3364632.4641981,7962108.47801802,8589.29436440678
2020-05-11 18:00:00 UTC,3057861.65125273,7895466.70264083,8448.62170103093
2020-05-11 19:00:00 UTC,3818586.55497136,6329080.32043666,8558.45866071428
2020-05-11 20:00:00 UTC,4179915.57328235,6284154.76963721,8665.87095454545
2020-05-11 21:00:00 UTC,4179813.91388365,6695703.02039606,8613.32508333333
2020-05-11 22:00:00 UTC,4492358.16389515,7250081.73800026,8599.19786259542
2020-05-11 23:00:00 UTC,4396421.4669353,7726783.13985648,8590.355
2020-05-12 00:00:00 UTC,4658556.67091562,7704501.30691765,8618.24145454546
2020-05-12 01:00:00 UTC,4781012.56839823,8114520.11206866,8610.77736607143
2020-05-12 02:00:00 UTC,5105473.22078712,7780557.53801622,8633.31671052632
2020-05-12 03:00:00 UTC,6212169.64220392,6827152.50845342,8687.43929906542
2020-05-12 04:00:00 UTC,6683336.26258051,6809204.19044603,8709.3435123967
2020-05-12 05:00:00 UTC,7826834.94829167,6552501.70014858,8748.72154205608
2020-05-12 06:00:00 UTC,6884856.85489596,7345547.12939967,8710.41714876033
2020-05-12 07:00:00 UTC,5468498.50855931,8128705.63018995,8665.5702991453
2020-05-12 08:00:00 UTC,7127217.36538068,7221319.85195063,8726.40205128205
2020-05-12 09:00:00 UTC,8156227.4323799,6596998.8316744,8786.45677777778
2020-05-12 10:00:00 UTC,8388537.99965715,6655595.15765749,8772.00327586207
2020-05-12 11:00:00 UTC,8889802.96288906,6576596.85610602,8761.90429752066
2020-05-12 12:00:00 UTC,8496840.40051196,6573572.53065273,8766.8972
2020-05-12 13:00:00 UTC,7496845.50369577,7276513.96657948,8735.57701834862
2020-05-12 14:00:00 UTC,7732013.21423118,6647471.95344963,8857.48023809524
2020-05-12 15:00:00 UTC,8028378.87574753,6656582.3134297,8898.7154368932
2020-05-12 16:00:00 UTC,7838593.86531298,6784921.22836898,8922.88876068376
2020-05-12 17:00:00 UTC,8493616.74159614,6875499.14920742,8923.70629807692
2020-05-12 18:00:00 UTC,8684240.76516918,7256181.71752916,8885.44128712871
2020-05-12 19:00:00 UTC,8070975.70688282,8783493.17498486,8887.53572033898
2020-05-12 20:00:00 UTC,7465081.36385042,7602479.28410414,8817.54338541667
2020-05-12 21:00:00 UTC,7299864.18018666,7365181.67933508,8819.96754385965
2020-05-12 22:00:00 UTC,7463617.99750287,7574878.6072919,8808.22313953488
2020-05-12 23:00:00 UTC,7621969.22337778,7941462.09582213,8819.99875
2020-05-13 00:00:00 UTC,8367361.36906667,6975528.20610424,8905.03380733945
2020-05-13 01:00:00 UTC,8546136.6587628,6698959.9339364,8932.10123966942
2020-05-13 02:00:00 UTC,8642406.46553682,6997322.13016403,8936.36694244605
2020-05-13 03:00:00 UTC,9224989.18115681,7192770.93836066,8925.74008064516
2020-05-13 04:00:00 UTC,8965452.96001505,7225450.89691788,8905.20784615385
2020-05-13 05:00:00 UTC,9291643.45912482,7147640.45314491,8911.73974789916
2020-05-13 06:00:00 UTC,9226716.12843004,6975750.99745755,8906.63298245614
2020-05-13 07:00:00 UTC,9677877.5431061,7693778.16562411,8893.189921875
2020-05-13 08:00:00 UTC,8898205.97550163,7470614.84482874,8882.3182
2020-05-13 09:00:00 UTC,9628345.83614567,7065713.90329913,8915.887734375
2020-05-13 10:00:00 UTC,9728650.72837031,6898917.51380432,8928.04995652174
2020-05-13 11:00:00 UTC,8820866.81029623,6689748.87461817,8983.84297520661
2020-05-13 12:00:00 UTC,9907256.48615808,6115732.44830046,9045.87259398496
2020-05-13 13:00:00 UTC,10869373.8632857,6280671.57616437,9097.24585714286
2020-05-13 21:00:00 UTC,6840511.78883071,7697436.46686835,9357.15286585366
2020-05-13 22:00:00 UTC,7849924.8753619,9369481.67489057,9333.35119999999
2020-05-13 23:00:00 UTC,9621636.95919138,10746329.1684565,9325.68656521739
2020-05-14 00:00:00 UTC,8760342.13077872,10621608.3941435,9338.92413636364
2020-05-14 01:00:00 UTC,8655046.43310008,9020356.43596555,9306.01523809524
2020-05-14 02:00:00 UTC,8350697.57800564,8845388.72072514,9308.17034351144
2020-05-14 03:00:00 UTC,8951272.1997063,8969466.9927965,9333.76229508198
2020-05-14 04:00:00 UTC,8906263.49167094,9879840.93423171,9326.76653846154
2020-05-14 05:00:00 UTC,9342966.95148118,10459177.6195434,9344.63842975206
2020-05-14 06:00:00 UTC,10642373.4719996,9744134.48655997,9444.73833333333
2020-05-14 07:00:00 UTC,11537499.8811388,8321442.715264,9485.54547368421
2020-05-14 08:00:00 UTC,13086170.6699488,6447757.9200916,9537.15991869919
2020-05-14 09:00:00 UTC,17512239.5382698,3893272.3343788,9722.15839449541
2020-05-14 10:00:00 UTC,15157128.5394342,3826083.63280047,9722.43336363636
2020-05-14 11:00:00 UTC,15136382.9528677,4561065.31226118,9724.26259090909
2020-05-14 12:00:00 UTC,13490606.603258,6182781.54880328,9615.49411504424
2020-05-14 13:00:00 UTC,14079416.351005,6101864.39859495,9611.62228571428
2020-05-14 14:00:00 UTC,15837994.6053339,5419556.24666437,9718.88920833333
2020-05-14 15:00:00 UTC,15966770.8472008,5892349.67017219,9713.54254464286
2020-05-14 16:00:00 UTC,16395687.2782616,6533150.59841704,9678.91189655173
2020-05-14 17:00:00 UTC,16358632.921559,6991877.47556281,9635.25496212121
2020-05-14 18:00:00 UTC,16611027.3440041,6693342.01381925,9640.15158536585
2020-05-14 19:00:00 UTC,17894854.3855641,6262974.39493969,9701.21937984496
2020-05-14 20:00:00 UTC,19154175.3777054,6349741.87755821,9673.90541666666
2020-05-14 21:00:00 UTC,20448435.1287077,7109856.34799365,9702.93288194445
2020-05-14 22:00:00 UTC,23726007.9195419,7685366.13012743,9776.65783216783
2020-05-14 23:00:00 UTC,24106209.9437713,7675769.78279717,9793.95036585366
2020-05-15 00:00:00 UTC,22886667.5272836,7876148.2638052,9774.28896428571
2020-05-15 01:00:00 UTC,22627197.6822536,8344230.66183578,9754.85162601626
2020-05-15 02:00:00 UTC,15641074.8811842,7544055.89030995,9568.03313868613
2020-05-15 03:00:00 UTC,12037586.2954017,5892341.44714764,9504.24087962963
2020-05-15 04:00:00 UTC,9508805.59671081,6604331.10071788,9474.83913265306
2020-05-15 05:00:00 UTC,9883943.55263149,7607058.54838158,9452.38322429906
2020-05-15 06:00:00 UTC,17292170.1158388,7546630.01111155,9533.13914141414
2020-05-15 07:00:00 UTC,20170218.3570143,6239629.41286715,9638.83973958333
2020-05-15 08:00:00 UTC,19238023.1598264,5243501.35917378,9657.56255434783
2020-05-15 09:00:00 UTC,18692009.1159503,5977540.19150684,9618.56144859813
2020-05-15 10:00:00 UTC,17451964.712822,6167944.42177721,9577.79130081301
2020-05-15 11:00:00 UTC,18831296.7281275,5791147.57609557,9606.343
2020-05-15 12:00:00 UTC,16686537.8054597,6634775.17440698,9545.46560150376
2020-05-15 13:00:00 UTC,16795650.0673432,6829470.03901277,9543.73717557252
2020-05-15 14:00:00 UTC,18999862.6226165,6849350.32665407,9578.36960396039
2020-05-15 15:00:00 UTC,11567374.6468201,8005427.88779648,9482.03278688525
2020-05-15 16:00:00 UTC,11385114.9839719,8023197.70168399,9485.25924242424
2020-05-15 17:00:00 UTC,10529251.9218269,9923650.27426524,9467.59281818182
2020-05-15 18:00:00 UTC,11709618.1898143,9216254.54466861,9499.63710144927
2020-05-15 19:00:00 UTC,9528102.68232521,11236231.9602311,9412.55564516129
2020-05-15 20:00:00 UTC,7656779.00832206,11024335.6082699,9297.74175373134
2020-05-15 21:00:00 UTC,8640050.35851415,9715665.95039939,9334.73634782609
2020-05-15 22:00:00 UTC,8916773.51387486,9626106.27672542,9420.94947368421
2020-05-15 23:00:00 UTC,7689199.59049874,11385515.3819704,9348.05698529412
2020-05-16 00:00:00 UTC,7822573.85756713,11722642.4100615,9318.76160714285
2020-05-16 01:00:00 UTC,9010598.92088272,10736035.5693036,9394.03377192983
2020-05-16 02:00:00 UTC,9214070.00146078,10589854.1650154,9417.57225409836
2020-05-16 03:00:00 UTC,8940487.14546547,11226939.7118932,9416.2775
2020-05-16 04:00:00 UTC,10519304.9878234,9027865.9640051,9457.11829545455
2020-05-16 05:00:00 UTC,12824750.3032743,6818473.71083438,9505.54509433963
2020-05-16 06:00:00 UTC,9668721.03744897,9163878.65403287,9455.43264
2020-05-16 07:00:00 UTC,9471739.22850793,8963480.13735771,9448.88210084033
2020-05-16 08:00:00 UTC,7812675.39473519,10584899.6021263,9394.76951327434
2020-05-16 09:00:00 UTC,7860453.99878264,10456174.082999,9394.78642857143
2020-05-16 10:00:00 UTC,8197049.22711499,9763094.52660891,9405.5048091603
2020-05-16 11:00:00 UTC,8835789.86381875,10079367.0506678,9424.21232283465
2020-05-16 12:00:00 UTC,9819634.4023472,9609494.01028477,9455.02621621621
2020-05-16 13:00:00 UTC,10893506.8183632,9831481.82559183,9467.84065420561
2020-05-16 14:00:00 UTC,9907942.31281947,11873465.971029,9447.90241379311
2020-05-16 15:00:00 UTC,8325139.84652067,13545613.5278004,9398.50056910569
2020-05-16 16:00:00 UTC,8336848.76825017,12876356.3448126,9369.55253424657
2020-05-16 17:00:00 UTC,9084902.98157058,12924162.5286916,9367.34704
2020-05-16 18:00:00 UTC,8111357.83920364,14295397.5867723,9306.77036697248
2020-05-16 19:00:00 UTC,8948486.3361341,14232880.4474787,9322.606875
2020-05-16 20:00:00 UTC,9483016.1659006,13662525.1674589,9347.43183333334
2020-05-16 21:00:00 UTC,9740861.401426,13033290.1872265,9375.83880952381
2020-05-16 22:00:00 UTC,9995262.45907409,12752000.4898321,9390.58662601626
2020-05-16 23:00:00 UTC,10315205.6144013,12101151.3194107,9408.3212
2020-05-17 00:00:00 UTC,10761901.8960858,10831015.6562202,9417.22196969697
2020-05-17 01:00:00 UTC,13020991.4956373,8469367.43953359,9489.45415254237
2020-05-17 02:00:00 UTC,15876655.669056,7461084.55991067,9526.50020833333
2020-05-17 03:00:00 UTC,15984994.240036,7912272.00600442,9533.035390625
2020-05-17 04:00:00 UTC,15017185.2452806,7551327.97035937,9524.87253676471
2020-05-17 05:00:00 UTC,12544458.7139625,8782860.87964378,9505.95813084112
2020-05-17 06:00:00 UTC,15731865.597267,8619676.43042748,9527.43242857143
2020-05-17 07:00:00 UTC,15194704.2427752,8624555.41290008,9528.05834558824
2020-05-17 08:00:00 UTC,12910574.2869462,8647497.77756361,9507.42858870968
2020-05-17 09:00:00 UTC,11374649.1089333,9256604.02648309,9490.68824218751
2020-05-17 10:00:00 UTC,12659004.0204242,9274502.37100037,9516.70737623762
2020-05-17 11:00:00 UTC,12514163.549824,9181181.43791602,9513.07256302521
2020-05-17 12:00:00 UTC,20732627.69823,5723492.84062016,9696.64231578948
2020-05-17 13:00:00 UTC,20905517.7587617,6243427.58874889,9727.338
2020-05-17 14:00:00 UTC,21801042.0490265,6479151.57461338,9757.36421296296
2020-05-17 15:00:00 UTC,21555950.6949053,6861254.05990523,9818.35207920793
2020-05-17 16:00:00 UTC,20853534.3854166,6614109.38544199,9774.78656521739
2020-05-17 17:00:00 UTC,20487662.6572802,7523697.2887908,9753.60610576923
2020-05-17 18:00:00 UTC,20028953.5817325,8357542.87525212,9740.71527272727
2020-05-17 19:00:00 UTC,20041502.6792348,8333371.76441127,9759.73912499999
2020-05-17 20:00:00 UTC,19915858.0085892,9102773.71401088,9751.7985
2020-05-17 21:00:00 UTC,20269686.1790782,9252281.43767667,9763.32514705883
2020-05-17 22:00:00 UTC,20329344.5525718,9602838.37869021,9671.04807377049
2020-05-17 23:00:00 UTC,20844147.66185,9445232.85439083,9687.47173267327
2020-05-18 00:00:00 UTC,22190361.0397441,8828438.34209756,9747.79545454545
2020-05-18 01:00:00 UTC,21329590.8780808,6691095.68523517,9881.94738095238
2020-05-18 02:00:00 UTC,20855078.6460585,6732212.75678315,9883.03147058824
2020-05-18 03:00:00 UTC,19569250.3388483,8157644.94791381,9856.86176000001
2020-05-18 04:00:00 UTC,19039685.3472406,7792435.35519109,9875.3657936508
2020-05-18 05:00:00 UTC,18622280.8344772,8080017.22591308,9870.43055555555
2020-05-18 06:00:00 UTC,17838455.9251661,8752300.5148106,9796.79548245614
2020-05-18 07:00:00 UTC,17235032.6774902,9413622.71505278,9777.3677480916
2020-05-18 08:00:00 UTC,15917566.0910325,9800117.7646885,9714.54611111111
2020-05-18 09:00:00 UTC,13363459.3900762,9991921.42882597,9572.50732323232
2020-05-18 10:00:00 UTC,14992711.4688396,9545820.17707531,9623.14418103448
2020-05-18 11:00:00 UTC,16031445.6557676,9190851.92474001,9650.19806722689
2020-05-18 12:00:00 UTC,14694011.0476689,9924664.37180545,9618.59642857143
2020-05-18 13:00:00 UTC,16274791.2594196,10339453.3092336,9661.29963917525
2020-05-18 14:00:00 UTC,17145813.1906382,10117781.8488263,9691.93420454546
2020-05-18 15:00:00 UTC,16818582.4989327,10502027.9848441,9681.02961038961
2020-05-18 16:00:00 UTC,16812301.9222175,10951744.0279012,9646.43211864407
2020-05-18 17:00:00 UTC,16215537.322703,11143341.8621228,9613.67919642857
2020-05-18 18:00:00 UTC,16297078.30526,10253572.3414748,9626.70714285715
2020-05-18 19:00:00 UTC,17773074.1373073,9068012.14433634,9690.87069767442
2020-05-18 20:00:00 UTC,17648611.9732309,9732328.40338101,9675.22394736842
2020-05-18 21:00:00 UTC,18666910.8121446,9854847.00124641,9696.90514705883
2020-05-18 22:00:00 UTC,19538358.9867818,9887298.16210448,9720.53106060606
2020-05-18 23:00:00 UTC,19543799.6317769,9990403.77441342,9724.02083333333
2020-05-19 00:00:00 UTC,16689529.9175696,11371075.5093163,9631.17064516129
2020-05-19 01:00:00 UTC,17239819.9620497,11881810.1777026,9641.76783333333
2020-05-19 02:00:00 UTC,16378377.1725744,13074421.7057862,9596.45013157895
2020-05-19 03:00:00 UTC,15847455.956362,13053301.097191,9584.32190476191
2020-05-19 04:00:00 UTC,13901754.0217723,12656224.981087,9533.82641025641
2020-05-19 05:00:00 UTC,15603613.7578868,12396455.812173,9552.75075
2020-05-19 06:00:00 UTC,17835956.9208375,11491685.5062088,9590.776640625
2020-05-19 07:00:00 UTC,17884275.075548,11609898.517417,9588.49112676057
2020-05-19 08:00:00 UTC,22016126.5017842,6896009.69905644,9760.34683544303
2020-05-19 09:00:00 UTC,22665571.7634815,8365708.82614332,9782.36804347826
2020-05-19 10:00:00 UTC,22518049.51475,8280890.72111749,9783.36538834952
2020-05-19 11:00:00 UTC,21612419.4241155,7210188.76639969,9791.34942307692
2020-05-19 12:00:00 UTC,18067479.7367505,10365024.0164915,9661.42390909091
2020-05-19 13:00:00 UTC,18255505.2291089,11060636.5217852,9651.28161290323
2020-05-19 14:00:00 UTC,19235770.0327818,10334751.2464393,9699.1435
2020-05-19 15:00:00 UTC,19581274.8593561,11346675.0029882,9690.52203703704
2020-05-19 16:00:00 UTC,20084932.0394448,11604361.2298552,9703.13274999999
2020-05-19 17:00:00 UTC,19120282.5199255,12412648.9530873,9668.63
2020-05-19 18:00:00 UTC,19860214.9031572,11730529.9685458,9696.41298076923
2020-05-19 19:00:00 UTC,19623917.2752061,12256738.1061525,9681.05813008131
2020-05-19 20:00:00 UTC,19386272.2930804,12748409.3665929,9661.69089285714
2020-05-19 21:00:00 UTC,19775299.5494235,11495240.0055945,9686.62016393442
2020-05-19 22:00:00 UTC,20692552.7825981,11543271.7157047,9709.77161290322
2020-05-19 23:00:00 UTC,20898489.6704098,11153378.5009578,9744.1212704918
2020-05-20 00:00:00 UTC,19780440.7658937,11304264.7315428,9768.82397637795
2020-05-20 01:00:00 UTC,19574296.1415368,12364902.4363041,9751.73538461538
2020-05-20 02:00:00 UTC,19521285.0956374,12872606.1514191,9724.67492187501
2020-05-20 03:00:00 UTC,19971933.1915765,12645388.4940227,9748.10013392857
2020-05-20 04:00:00 UTC,19567571.5221781,12745927.1606724,9725.22206106871
2020-05-20 05:00:00 UTC,19892194.4914141,12703745.6664331,9731.65378151259
2020-05-20 06:00:00 UTC,19891964.3585584,11068381.6331585,9771.54017094017
2020-05-20 07:00:00 UTC,20178594.9851369,11879643.2512857,9757.989296875
2020-05-20 08:00:00 UTC,19841375.1236502,12200014.4848563,9769.45694444445
2020-05-20 09:00:00 UTC,19681149.5617742,12367116.1600934,9764.67852173912
2020-05-20 10:00:00 UTC,19230406.6454843,12318534.5621981,9761.27767857143
2020-05-20 11:00:00 UTC,19250435.3799719,12667075.8805729,9748.72362500001
2020-05-20 12:00:00 UTC,19123916.3644266,12452478.1789709,9750.31024193549
2020-05-20 13:00:00 UTC,19410338.0852604,12405945.3565901,9769.3204245283
2020-05-20 14:00:00 UTC,19806090.6820247,12691123.8444861,9776.83572368421
2020-05-20 15:00:00 UTC,16582266.0378254,11518954.8354995,9607.08668539326
2020-05-20 16:00:00 UTC,12202078.2524009,10773649.1598452,9469.7693373494
2020-05-20 17:00:00 UTC,14383830.5854429,11483803.7003138,9499.55960629921
2020-05-20 18:00:00 UTC,16510627.6872492,11030334.8141924,9525.13450980393
2020-05-20 19:00:00 UTC,15394554.5586389,11160867.7932227,9515.33545801527
2020-05-20 20:00:00 UTC,19291619.3955224,10870998.3683859,9562.5744059406
2020-05-20 21:00:00 UTC,19631488.0924212,10976498.4216318,9567.00981203007
2020-05-20 22:00:00 UTC,18249808.7340363,11223476.2673303,9546.55435714286
2020-05-20 23:00:00 UTC,15061903.6902367,11264189.1985995,9514.5875925926
2020-05-21 00:00:00 UTC,18473577.4144198,10527214.0737209,9537.83559027778
2020-05-21 01:00:00 UTC,17566655.7423425,10697122.0916162,9529.42206349206
2020-05-21 02:00:00 UTC,14569125.208848,11249703.5853935,9502.14560714285
2020-05-21 03:00:00 UTC,13846432.5935485,12698297.183102,9470.62440677966
2020-05-21 04:00:00 UTC,13784198.7474802,12339188.3648144,9461.9274632353
2020-05-21 05:00:00 UTC,15562522.2603833,11033595.0514805,9491.31366071428
2020-05-21 06:00:00 UTC,15867737.9234069,11091218.1795602,9496.35039130435
2020-05-21 07:00:00 UTC,14867310.0833765,12474530.369595,9464.67649193548
2020-05-21 08:00:00 UTC,11600343.3229376,12427455.8331279,9406.43307017544
2020-05-21 09:00:00 UTC,10197890.0419256,12463366.7740236,9361.01859090909
2020-05-21 10:00:00 UTC,9348654.35346448,12513808.3060271,9334.18580508475
2020-05-21 11:00:00 UTC,10346814.001202,12185755.2651744,9354.59605263158
2020-05-21 12:00:00 UTC,9860502.04471854,12310031.0829529,9342.80094594595
2020-05-21 13:00:00 UTC,10520997.3264457,12294625.0371157,9342.07073529412
2020-05-21 14:00:00 UTC,6837478.77991591,10783011.7418806,9127.078125
2020-05-21 15:00:00 UTC,7630228.63254448,10193132.7706794,9086.39754032258
2020-05-21 16:00:00 UTC,7768739.47919778,11223565.6047442,9082.7673553719
2020-05-21 17:00:00 UTC,9239746.09303301,12021220.7734773,9048.80422413793
2020-05-21 18:00:00 UTC,8928761.38459424,13417792.4378486,8916.6505
2020-05-21 19:00:00 UTC,9212838.98756848,10421707.319522,9006.13839622641
2020-05-21 20:00:00 UTC,8706761.81821737,10759707.3119665,9044.50898601399
2020-05-21 21:00:00 UTC,9141086.5907215,10749763.2262643,9093.38804545455
2020-05-21 22:00:00 UTC,11223584.4350359,9731591.33139687,9121.87159836066
2020-05-21 23:00:00 UTC,11094058.5788352,10603036.7719397,9080.03825471698
2020-05-22 00:00:00 UTC,10211201.4903784,11587691.3823438,9017.71562992126
2020-05-22 01:00:00 UTC,11256980.4970243,11533154.5722876,9093.90344339622
2020-05-22 02:00:00 UTC,11653698.1900515,13350600.1956825,9081.41484536082
2020-05-22 03:00:00 UTC,10172108.2940777,14272078.6592915,9014.37978070176
2020-05-22 04:00:00 UTC,10476960.6877747,14709327.068629,8989.82664122137
2020-05-22 05:00:00 UTC,10620832.1422223,14092806.3798313,9006.38396825397
2020-05-22 06:00:00 UTC,11452383.2711625,13075120.4051169,9055.45309160305
2020-05-22 07:00:00 UTC,11637278.3623879,12324616.7732727,9083.36612612613
2020-05-22 08:00:00 UTC,12182032.444522,12831451.6637614,9066.50114285715
2020-05-22 09:00:00 UTC,12475907.9533238,12534041.6300279,9074.50828125
2020-05-22 10:00:00 UTC,12406943.6126894,9889214.75524224,9158.53912371134
2020-05-22 11:00:00 UTC,12574264.1029022,10399616.3254912,9156.14416666667
2020-05-22 12:00:00 UTC,12106228.2136964,9464452.23379969,9171.14804511278
2020-05-22 13:00:00 UTC,8722130.4621743,11460100.3662339,9136.95614285714
2020-05-22 14:00:00 UTC,8508917.41169276,11664938.7887684,9142.09881188119
2020-05-22 15:00:00 UTC,8852513.79459211,11613609.8890489,9180.61442982456
2020-05-22 16:00:00 UTC,8903201.26419277,11158610.401931,9209.91036290323
2020-05-22 17:00:00 UTC,9163915.40708711,10725188.223753,9218.87157608695
2020-05-22 18:00:00 UTC,8378192.56033976,10574589.9254944,9202.8211682243
2020-05-22 19:00:00 UTC,8017987.16532781,11859373.5651616,9190.38926605505
2020-05-22 20:00:00 UTC,8197053.45210135,12190376.1809421,9173.60713740458
2020-05-22 21:00:00 UTC,8386403.70607443,11481175.9696681,9192.60016949153
2020-05-22 22:00:00 UTC,8338067.44086626,11228525.6765443,9202.030625
2020-05-22 23:00:00 UTC,8078791.23478551,11873938.1256116,9166.70099173553
2020-05-23 00:00:00 UTC,8452634.50605479,10875669.3063849,9215.51914634147
2020-05-23 01:00:00 UTC,8993306.40290239,10315833.1904169,9249.12972440945
2020-05-23 02:00:00 UTC,8787096.54730645,9293565.25337655,9270.12473913044
2020-05-23 03:00:00 UTC,9253187.7957129,9580920.9858902,9295.33204861111
2020-05-23 04:00:00 UTC,9015137.49900209,10648998.9585052,9279.14083333333
2020-05-23 05:00:00 UTC,8727169.08292357,11635072.408948,9256.47881147541
2020-05-23 06:00:00 UTC,8303299.60438797,11621627.7806181,9237.8580882353
2020-05-23 07:00:00 UTC,8413229.83869332,11464643.2657,9249.48521367521
2020-05-23 08:00:00 UTC,8071234.58862741,12025224.7662371,9197.76204545455
2020-05-23 09:00:00 UTC,7734078.32546813,12484800.9706637,9183.77755639097
2020-05-23 10:00:00 UTC,7468332.94936685,14016483.3147922,9127.06205426357
2020-05-23 11:00:00 UTC,7996913.30681804,13066486.8636284,9172.64658653846
2020-05-23 12:00:00 UTC,8390653.57960555,12649160.2136212,9143.06905263158
2020-05-23 13:00:00 UTC,8457281.80962442,13604800.4514057,9152.94618881119
2020-05-23 14:00:00 UTC,9084556.51401283,12907259.1416701,9187.11922222222
2020-05-23 15:00:00 UTC,9022480.03171806,13746422.5467963,9187.71898305085
2020-05-23 16:00:00 UTC,8939153.27505079,13739226.5147433,9174.034
2020-05-23 17:00:00 UTC,9374369.24882816,13363692.4728095,9182.9465625
2020-05-23 18:00:00 UTC,9044855.15000856,13779742.7844617,9170.88358778627
2020-05-23 19:00:00 UTC,9143933.09100282,12245700.7433796,9179.28240458016
2020-05-23 20:00:00 UTC,9215326.57806999,11793501.0099726,9203.7797265625
2020-05-23 21:00:00 UTC,8936661.39489525,11119637.7538477,9228.33126168224
2020-05-23 22:00:00 UTC,7799933.43064931,10258257.1788135,9231.4485042735
2020-05-23 23:00:00 UTC,8294122.61321382,11323990.2502709,9196.02543478261
2020-05-24 00:00:00 UTC,8061832.98137279,11582120.9818386,9172.07867521368
2020-05-24 01:00:00 UTC,8959007.33085971,11267996.022149,9194.86209016394
2020-05-24 02:00:00 UTC,9275791.13260383,11396407.9611213,9210.29825581395
2020-05-24 03:00:00 UTC,9572497.57524072,11892525.2276515,9204.22148648649
2020-05-24 04:00:00 UTC,9599999.64605832,11774782.6358424,9209.14553571429
2020-05-24 05:00:00 UTC,9455201.41794574,12242746.1491113,9207.93595238095
2020-05-24 06:00:00 UTC,9751625.16957157,10642724.8105081,9283.14554263566
2020-05-24 07:00:00 UTC,10157004.2986039,11106404.2576258,9280.69206766918
2020-05-24 08:00:00 UTC,10272967.4696507,11954757.0505813,9262.28480916031
2020-05-24 09:00:00 UTC,9865878.53271579,11060804.4168647,9283.09399999999
2020-05-24 10:00:00 UTC,9561410.47425088,11378455.136263,9276.3668918919
2020-05-24 11:00:00 UTC,8423537.06322959,12505879.9047657,9197.39504310345
2020-05-24 12:00:00 UTC,8199697.43964651,12898152.4947593,9143.03846153846
2020-05-24 13:00:00 UTC,8575512.0878643,12248370.3632557,9127.01492187499
2020-05-24 14:00:00 UTC,7878730.35654841,12080911.5906007,9064.03106299213
2020-05-24 15:00:00 UTC,8298221.82464999,12169489.98875,9069.7091025641
2020-05-24 16:00:00 UTC,6113693.53829636,13745563.3029811,8927.44004132231
2020-05-24 17:00:00 UTC,6551485.38126438,13800272.1331807,8944.87643410853
2020-05-24 18:00:00 UTC,6783585.808233,12275278.0159633,8948.93398148148
2020-05-24 19:00:00 UTC,7003051.98142038,11018137.1669747,8993.82730088496
2020-05-24 20:00:00 UTC,7499492.51381306,10934193.0525618,9011.89386554622
2020-05-24 21:00:00 UTC,8332325.93806429,10746598.0363878,9039.18816176471
2020-05-24 22:00:00 UTC,8714708.0910321,11366084.4855378,9038.72156779661
2020-05-24 23:00:00 UTC,5929171.39975091,12831930.2837132,8871.19888888889
2020-05-25 00:00:00 UTC,5030971.13639736,14382057.0478752,8782.10843220339
2020-05-25 01:00:00 UTC,5674832.26944803,14710588.1986516,8781.76906862745
2020-05-25 02:00:00 UTC,5885131.22667854,14525878.9556752,8791.06466019417
2020-05-25 03:00:00 UTC,5949600.39127738,14461600.7906648,8772.42548148148
2020-05-25 04:00:00 UTC,6386418.20295011,13518970.4152162,8791.09261194031
2020-05-25 05:00:00 UTC,6327844.41072045,12716926.3993522,8784.84035433071
2020-05-25 06:00:00 UTC,6719174.73452222,13811668.6722822,8787.62720183487
2020-05-25 07:00:00 UTC,7228909.01944781,14713417.9163361,8825.06596000001
2020-05-25 08:00:00 UTC,7362002.95986784,14606295.5521825,8839.32612068966
2020-05-25 09:00:00 UTC,7022200.42242464,14882938.8069591,8814.50857142857
2020-05-25 10:00:00 UTC,6603839.09593366,15369334.5529214,8761.08667938931
2020-05-25 11:00:00 UTC,6260746.39136754,15528417.423534,8730.03428571429
2020-05-25 12:00:00 UTC,6592900.99772441,14749907.4987613,8763.72292372882
2020-05-25 13:00:00 UTC,6591351.80483132,15147991.5865511,8765.55788461538
2020-05-25 14:00:00 UTC,7198004.41429126,14383330.8783912,8818.79730158731
2020-05-25 15:00:00 UTC,6745660.17301831,14664953.8123146,8772.85488888889
2020-05-25 16:00:00 UTC,7322325.37668249,14355231.076012,8813.74839285714
2020-05-25 17:00:00 UTC,7553249.16197054,13548678.7635019,8840.68215053763
2020-05-25 18:00:00 UTC,8664523.75275838,13107214.1826192,8882.89935714286
2020-05-25 19:00:00 UTC,8981241.70725065,12304899.3914985,8933.15296052631
2020-05-25 20:00:00 UTC,9025632.37148492,13360814.1174774,8924.89923809524
2020-05-25 21:00:00 UTC,8956639.52184426,13506233.0730744,8901.8518018018
2020-05-25 22:00:00 UTC,9106458.88905624,13756496.8543406,8900.77879166666
2020-05-25 23:00:00 UTC,9653548.15813682,13659645.5072017,8915.11429577464
2020-05-26 00:00:00 UTC,11201805.5093079,13911060.6622982,8875.53565217391
2020-05-26 01:00:00 UTC,11644482.8951694,11868694.1144829,8871.55441666666
2020-05-26 02:00:00 UTC,12240513.0646364,11831938.7600843,8892.53845794393
2020-05-26 03:00:00 UTC,12178858.7153915,12762707.8553727,8905.6841554054
2020-05-26 04:00:00 UTC,12290923.9647322,13167682.4058941,8903.57375
2020-05-26 05:00:00 UTC,11980658.5499692,12636265.2594013,8912.55669724771
2020-05-26 06:00:00 UTC,9566975.71686879,13834099.4451097,8903.36632743362
2020-05-26 07:00:00 UTC,9505269.10766976,13196715.7431122,8915.36036585365
2020-05-26 08:00:00 UTC,9884429.46170588,10527559.3136393,8978.1564159292
2020-05-26 09:00:00 UTC,9435750.56771887,11356981.7316496,8921.12992125984
2020-05-26 10:00:00 UTC,8787728.89069085,12005049.3384021,8871.96536363636
2020-05-26 11:00:00 UTC,8416979.76387688,12893658.4879748,8863.99625954199
2020-05-26 12:00:00 UTC,7736621.86874493,12498314.6580365,8838.09491869919
2020-05-26 13:00:00 UTC,7670459.69770806,13091131.61358,8825.81037878789
2020-05-26 14:00:00 UTC,5730250.5381038,11303359.9019335,8828.95490654206
2020-05-26 15:00:00 UTC,4528267.61724425,11655830.5011366,8777.55420168067
2020-05-26 16:00:00 UTC,4696209.46218846,10519907.73745,8778.72053571429
2020-05-26 17:00:00 UTC,5104342.21324563,10652136.7422725,8799.4604245283
2020-05-26 18:00:00 UTC,5263687.18557976,10624950.42707,8807.1690625
2020-05-26 19:00:00 UTC,6965126.06726519,12949094.8903867,8784.41698924731
2020-05-26 20:00:00 UTC,8501224.14945466,12399893.0610013,8841.98393617021
2020-05-26 21:00:00 UTC,8439433.54297141,12140129.6530096,8854.40512195122
2020-05-26 22:00:00 UTC,8099825.85487825,13310379.2828525,8826.00944444444
2020-05-26 23:00:00 UTC,8292459.02913758,13020287.6214357,8836.823
2020-05-27 00:00:00 UTC,8703019.24898099,12511422.817498,8864.02864661654
2020-05-27 01:00:00 UTC,8597928.91285254,12530047.630931,8863.33316993465
2020-05-27 02:00:00 UTC,8447101.12527633,12455397.8194231,8854.18886956522
2020-05-27 03:00:00 UTC,8397960.61493078,13077999.1887683,8835.91112781955
2020-05-27 04:00:00 UTC,8543384.320619,13287600.5792972,8838.38115079365
2020-05-27 05:00:00 UTC,8985716.52625567,12436891.8833365,8863.37383116884
2020-05-27 06:00:00 UTC,8829525.35121918,13516765.7021119,8847.06691964286
2020-05-27 07:00:00 UTC,8779956.5572315,13224115.0422181,8847.46774647887
2020-05-27 08:00:00 UTC,9013022.91491327,11959683.616532,8903.55671875
2020-05-27 09:00:00 UTC,9010254.03287957,12154715.8586484,8921.89651260504
2020-05-27 10:00:00 UTC,9410925.56504437,7481145.33504115,9031.71495833333
2020-05-27 11:00:00 UTC,9859666.94390742,4387140.87589698,9130.06883333333
2020-05-27 12:00:00 UTC,10193255.3158661,4414822.91717497,9163.65545833334
2020-05-27 13:00:00 UTC,10383073.5176401,5480791.95823407,9151.40839449541
2020-05-27 14:00:00 UTC,10507572.2493502,5740736.13340311,9145.40601769911
2020-05-27 15:00:00 UTC,9903762.14987125,5417138.05782869,9158.47326923077
2020-05-27 16:00:00 UTC,10065548.0993674,6402374.55145537,9171.58417391304
2020-05-27 17:00:00 UTC,10321183.2547817,6516481.3931193,9189.78850961538
2020-05-27 18:00:00 UTC,10398236.8295522,6661447.86299718,9176.75404761905
2020-05-27 19:00:00 UTC,10770085.2153272,7299685.16640757,9154.2491322314
2020-05-27 20:00:00 UTC,11013146.0579864,7197532.7394867,9165.31015748032
2020-05-27 21:00:00 UTC,10109694.9549424,7824951.4112582,9113.2588028169
2020-05-27 22:00:00 UTC,10232466.6007266,7702333.99967466,9100.5
2020-05-27 23:00:00 UTC,10397817.5372404,6816185.86669446,9146.78092592593
2020-05-28 00:00:00 UTC,10290187.1323479,5855779.07300941,9192.69753472222
2020-05-28 01:00:00 UTC,9486326.59234197,6019825.83495715,9238.24048507463
2020-05-28 02:00:00 UTC,9483395.26176341,6444044.02256597,9198.03513157895
2020-05-28 03:00:00 UTC,9515863.22408345,7209296.92999126,9180.33775735294
2020-05-28 04:00:00 UTC,9574872.53066493,7260632.88179991,9178.11509259259
2020-05-28 05:00:00 UTC,9528963.30994346,7788700.9955297,9159.50926605505
2020-05-28 06:00:00 UTC,9369359.61898305,7425249.97323949,9162.05326732674
2020-05-28 07:00:00 UTC,9308712.19966002,8449496.04992147,9156.02520491803
2020-05-28 08:00:00 UTC,9424844.03169184,8788204.49582431,9154.90252252252
2020-05-28 09:00:00 UTC,9615818.3601035,8292337.42405896,9186.92844537815
2020-05-28 10:00:00 UTC,8874411.11486823,7956048.50576091,9184.34072727273
2020-05-28 11:00:00 UTC,10018388.1207403,7885034.37495264,9220.26219827586
2020-05-28 12:00:00 UTC,13125922.9546494,6121413.6174193,9355.8346350365
2020-05-28 13:00:00 UTC,14826496.8383324,6319549.94410243,9405.94691964286
2020-05-28 14:00:00 UTC,16223467.4590746,5831453.65434099,9453.85713178295
2020-05-28 15:00:00 UTC,16724131.7077607,6028306.58329558,9472.21768456376
2020-05-28 16:00:00 UTC,16644828.9293044,6325512.6996527,9464.63392561984
2020-05-28 17:00:00 UTC,16989259.4021359,6245969.74650411,9460.52819327731
2020-05-28 18:00:00 UTC,16667863.8408037,5934995.53135033,9454.61637037037
2020-05-28 19:00:00 UTC,16718347.5746185,6153619.74148424,9457.92169724771
2020-05-28 20:00:00 UTC,16726450.5096593,6756312.30432333,9443.24917355372
2020-05-28 21:00:00 UTC,16033701.5567009,6449303.1438828,9440.96598360657
2020-05-28 22:00:00 UTC,17300350.7742751,6557888.78926218,9476.73778846154
2020-05-28 23:00:00 UTC,21649481.7121565,6027278.60695095,9559.82739130434
2020-05-29 00:00:00 UTC,21666086.0362792,5786535.77682865,9548.90241666667
2020-05-29 01:00:00 UTC,18183460.5391309,6451361.1105257,9496.47744680851
2020-05-29 02:00:00 UTC,19227097.4611762,6400043.98327361,9510.20386524822
2020-05-29 03:00:00 UTC,19775058.5662115,6316053.34020717,9510.43383333333
2020-05-29 04:00:00 UTC,20990685.7611426,6258036.716706,9514.38455752212
2020-05-29 05:00:00 UTC,20289510.2504722,6718937.11477626,9504.87216346154
2020-05-29 06:00:00 UTC,21943231.5848891,6298045.41038492,9524.21908695651
2020-05-29 07:00:00 UTC,21520105.4767034,6511505.45909066,9518.87397637795
2020-05-29 08:00:00 UTC,20676148.6118522,6598396.03819493,9496.5742
2020-05-29 09:00:00 UTC,18178570.5941719,6997920.10289763,9459.40903225807
2020-05-29 10:00:00 UTC,16998278.8672299,7031740.117998,9431.61770491804
2020-05-29 11:00:00 UTC,15135629.440088,6879307.28161876,9390.5675
2020-05-29 12:00:00 UTC,16559260.4214399,6845964.05570758,9419.1906640625
2020-05-29 13:00:00 UTC,16312594.2242177,6980298.03714828,9416.23991525423
2020-05-29 14:00:00 UTC,18002577.6504281,7633304.50244583,9442.28720720721
2020-05-29 15:00:00 UTC,15990471.331575,7928697.78761906,9396.99613207547
2020-05-29 16:00:00 UTC,17174308.610668,8024070.37721351,9419.7820472441
2020-05-29 17:00:00 UTC,17575674.6724531,7917745.44740203,9429.75847328244
2020-05-29 18:00:00 UTC,16553658.4258758,8225938.48926907,9414.89430327869
2020-05-29 19:00:00 UTC,16309714.9992987,8077957.30377568,9411.14895161291
2020-05-29 20:00:00 UTC,15901565.9026191,7609903.40015652,9412.50211382114
2020-05-29 21:00:00 UTC,15390645.6063964,7979337.63981167,9393.33780991735
2020-05-29 22:00:00 UTC,15503891.6787441,9295624.25053842,9407.71965753424
2020-05-29 23:00:00 UTC,16324025.0918298,9459404.18468828,9430.18346153847
2020-05-30 00:00:00 UTC,13277053.1294842,8969270.43687165,9382.87312030075
2020-05-30 01:00:00 UTC,13065678.9196864,8731296.23800617,9376.38803149606
2020-05-30 02:00:00 UTC,13212310.289189,9400762.91050167,9374.86725
2020-05-30 03:00:00 UTC,12852520.6386606,9757930.64388894,9362.64880952381
2020-05-30 04:00:00 UTC,17807488.9552663,7408955.16886933,9474.5064516129
2020-05-30 05:00:00 UTC,20470298.2250804,6854880.65069212,9525.70484
2020-05-30 06:00:00 UTC,22858779.1336025,6262370.19867735,9562.625729927
2020-05-30 07:00:00 UTC,22342131.4851383,7162956.93673985,9543.23890909091
2020-05-30 08:00:00 UTC,22536547.2521453,7197934.89193078,9544.14301724138
2020-05-30 09:00:00 UTC,18591622.0755242,7598110.79697337,9500.43543307086
2020-05-30 10:00:00 UTC,19139186.436436,7854834.34222991,9513.52878378378
2020-05-30 11:00:00 UTC,22872030.7195461,6961863.61743368,9549.97527777778
2020-05-30 12:00:00 UTC,21452397.9380138,7348652.32573124,9532.4365625
2020-05-30 13:00:00 UTC,22493424.4545894,7734762.69941865,9541.44414179105
2020-05-30 14:00:00 UTC,23046702.024776,7602242.90805991,9555.47995689656
2020-05-30 15:00:00 UTC,19678445.1035916,8230467.1161369,9517.07319548873
2020-05-30 16:00:00 UTC,21950417.0034211,7985499.80511209,9537.6529389313
2020-05-30 17:00:00 UTC,21649719.0211812,8236282.20360164,9529.03096899225
2020-05-30 18:00:00 UTC,22595723.5734688,8666962.1321993,9534.53837301587
2020-05-30 19:00:00 UTC,22571335.3559338,9199057.1275504,9534.72130081301
2020-05-30 20:00:00 UTC,17472433.9666673,9149803.61314408,9467.80116504855
2020-05-30 21:00:00 UTC,16716142.1807552,10179398.5080747,9449.13603603604
2020-05-30 22:00:00 UTC,21445150.6064156,7450702.59604503,9574.08599173554
2020-05-30 23:00:00 UTC,22879062.5713304,5714304.39356436,9690.44372448979
2020-05-31 00:00:00 UTC,23189875.7349887,7066481.95641059,9663.68699115044
2020-05-31 01:00:00 UTC,23301548.8834297,7340227.24005611,9656.05257936507
2020-05-31 02:00:00 UTC,23081085.663086,7315252.72895468,9634.62544217687
2020-05-31 03:00:00 UTC,22961426.9985157,7644587.58901301,9623.51509708738
2020-05-31 04:00:00 UTC,21578785.4676809,8092472.04137012,9569.72231707317
2020-05-31 05:00:00 UTC,22497854.2554867,7779564.02597007,9579.7397810219
2020-05-31 06:00:00 UTC,21986190.2689657,7924329.24654122,9562.56854330708
2020-05-31 07:00:00 UTC,22722444.6189118,7928338.15033793,9568.47235074627
2020-05-31 08:00:00 UTC,23614765.533891,8205872.54596018,9554.38017094017
2020-05-31 09:00:00 UTC,23975510.162597,8034473.0103269,9552.38363247863
2020-05-31 10:00:00 UTC,24611817.0003527,7808274.09264138,9572.86074074074
2020-05-31 11:00:00 UTC,24653830.1855801,7455830.551694,9580.26715
2020-05-31 12:00:00 UTC,24162558.1583305,7101615.96149674,9587.17471631205
2020-05-31 13:00:00 UTC,24807629.4369877,7682015.34843001,9560.43277777778
2020-05-31 14:00:00 UTC,23301618.5191947,8099089.29960737,9528.41542016806
2020-05-31 15:00:00 UTC,19338145.4333162,8903344.88825344,9471.48519379844
2020-05-31 16:00:00 UTC,20842667.7078807,8524075.50365756,9504.89102678572
2020-05-31 17:00:00 UTC,20230080.489796,8671732.1785387,9511.58779069766
2020-05-31 18:00:00 UTC,18564852.4881603,8874867.06550352,9489.95268292682
2020-05-31 19:00:00 UTC,19713640.917938,8920096.53324037,9512.14740740741
2020-05-31 20:00:00 UTC,18459669.3484589,9448135.95970862,9499.77165322581
2020-05-31 21:00:00 UTC,17221153.6937192,9598023.73051159,9467.12801886793
2020-05-31 22:00:00 UTC,18005711.0349789,8569833.50109133,9474.67056910569
2020-05-31 23:00:00 UTC,15974034.7304639,9097182.08521725,9428.89507462686
2020-06-01 00:00:00 UTC,17894023.774389,7815954.25250999,9472.92669291339
2020-06-01 01:00:00 UTC,18721323.6580346,7647057.63297746,9494.11196969697
2020-06-01 02:00:00 UTC,22586388.7026956,6829454.40293403,9536.81423076923
2020-06-01 03:00:00 UTC,22319132.906075,7249069.92163691,9536.98364754098
2020-06-01 04:00:00 UTC,24049361.5829262,7141090.99781831,9559.09409090909
2020-06-01 05:00:00 UTC,23858495.7821675,7769525.13094749,9543.23572413793
2020-06-01 06:00:00 UTC,23868254.5681019,7777101.1052044,9541.57091666667
2020-06-01 07:00:00 UTC,24242152.5799772,7842891.26036462,9553.02210714286
2020-06-01 08:00:00 UTC,24061236.4651044,7598885.73662078,9548.06959821429
2020-06-01 09:00:00 UTC,23594355.5168663,7902191.18008671,9538.12160869565
2020-06-01 10:00:00 UTC,22272664.8973125,7940092.722785,9529.21664835165
2020-06-01 11:00:00 UTC,20641921.6235102,8101600.32944499,9523.26115671642
2020-06-01 12:00:00 UTC,22625522.1768425,7346117.40186127,9548.49969230769
2020-06-01 13:00:00 UTC,24417329.4143881,7361689.27239607,9557.94651639344
2020-06-01 14:00:00 UTC,24594214.7313028,7433526.07420688,9559.91782051282
2020-06-01 15:00:00 UTC,21778735.2774828,7971463.56959215,9527.62237226277
2020-06-01 16:00:00 UTC,24777561.6236215,7660355.09944888,9572.9443627451
2020-06-01 17:00:00 UTC,24936004.1648696,7881524.82035596,9578.53368613139
2020-06-01 18:00:00 UTC,24326735.9370616,7807750.26198076,9576.87822727273
2020-06-01 19:00:00 UTC,24777647.1975132,8273117.21815694,9590.12011494253
2020-06-01 20:00:00 UTC,25052798.6663066,9491680.89777984,9618.04770588235
2020-06-01 21:00:00 UTC,23027861.4960627,9923489.64553919,9665.66326086957
2020-06-01 22:00:00 UTC,23280780.4310275,9435675.86012179,9704.30617424243
2020-06-01 23:00:00 UTC,15375424.6499524,5362373.90505839,10137.1827922078
2020-06-02 00:00:00 UTC,16899182.2934558,7940232.49392786,10177.9203658537
2020-06-02 01:00:00 UTC,14902267.8513113,11356973.0891027,10102.0886764706
2020-06-02 02:00:00 UTC,14942576.778382,11937552.6894112,10100.8446992481
2020-06-02 03:00:00 UTC,15228115.4067294,10408791.9108397,10074.8170634921
2020-06-02 04:00:00 UTC,16442631.2288639,11021243.6255155,10093.2577777778
2020-06-02 05:00:00 UTC,16214426.0720614,11612122.6205532,10093.737027027
2020-06-02 06:00:00 UTC,16445791.1615035,11699251.6030465,10100.7446350365
2020-06-02 07:00:00 UTC,16604480.3052557,11614822.2489464,10103.8550769231
2020-06-02 08:00:00 UTC,16741950.1863393,11523556.4599771,10120.7566544118
2020-06-02 09:00:00 UTC,16635322.5817231,12113418.9426779,10110.0687083333
2020-06-02 10:00:00 UTC,16691626.2312183,11954475.9840971,10115.7029044118
2020-06-02 11:00:00 UTC,16591606.1106136,11818712.8618511,10109.0675
2020-06-02 12:00:00 UTC,16578826.4217053,12165673.5805812,10113.7059913793
2020-06-02 13:00:00 UTC,17791898.4946237,12540321.1358223,10154.2263063063
2020-06-02 14:00:00 UTC,14620456.9988579,10825828.6809617,10021.886965812
2020-06-02 15:00:00 UTC,7752168.09444503,8549846.14332045,9480.50136690647
2020-06-02 16:00:00 UTC,7714810.99321441,9256023.31329464,9471.44853982301
2020-06-02 17:00:00 UTC,7644831.53040148,10201636.9662616,9492.53823770492
2020-06-02 18:00:00 UTC,8282674.61963441,10374908.795832,9523.69588495575
2020-06-02 19:00:00 UTC,8362671.96708283,10635551.0975072,9519.77664835165
2020-06-02 20:00:00 UTC,8520514.88552438,11112546.1314357,9499.95357954545
2020-06-02 21:00:00 UTC,8367468.70896625,10571358.4635828,9531.03886666666
2020-06-02 22:00:00 UTC,7923999.55153169,10504830.5037918,9525.11705223881
2020-06-02 23:00:00 UTC,8380560.29836446,10585049.8973743,9505.95907407408
2020-06-03 00:00:00 UTC,8602015.78598961,10413399.7503498,9520.38762931034
2020-06-03 01:00:00 UTC,8293408.58438997,10643945.5622397,9507.72748538012
2020-06-03 02:00:00 UTC,8012926.78868074,10596544.4752197,9497.49047101448
2020-06-03 03:00:00 UTC,7988004.13483513,10511957.6662911,9488.3538321168
2020-06-03 04:00:00 UTC,8249426.81473367,10462898.1061208,9499.89995726495
2020-06-03 05:00:00 UTC,8107150.41169089,10652878.6222967,9490.27996153846
2020-06-03 06:00:00 UTC,8446295.26346903,9996701.47752466,9514.48031914893
2020-06-03 07:00:00 UTC,8357999.34390369,10384862.8977434,9509.19524590165
2020-06-03 08:00:00 UTC,8770808.24624546,10306874.1392543,9519.21811320754
2020-06-03 09:00:00 UTC,9357789.62273324,10284947.8838627,9523.83872881356
2020-06-03 10:00:00 UTC,9533237.75271913,9412154.64841958,9580.77018656716
2020-06-03 11:00:00 UTC,9411108.75994452,9232886.43639248,9589.94452755905
2020-06-03 12:00:00 UTC,9869191.1482564,9688572.35966038,9604.79740566038
2020-06-03 13:00:00 UTC,9823784.14679488,9448541.05647755,9598.31238095238
2020-06-03 14:00:00 UTC,9326181.12366026,10269130.476299,9561.07588709677
2020-06-03 15:00:00 UTC,9515614.27613987,10502315.5956176,9562.19528301887
2020-06-03 16:00:00 UTC,9532885.67887435,10758059.0850818,9566.05623966942
2020-06-03 17:00:00 UTC,9738405.81605779,10525112.9713689,9566.81815789474
2020-06-03 18:00:00 UTC,9415513.87406935,10419921.6032744,9565.09445054946
2020-06-03 19:00:00 UTC,9491388.16110289,9955899.50051945,9586.72346590909
2020-06-03 20:00:00 UTC,9476219.80764216,10399004.6721577,9573.5375
2020-06-03 21:00:00 UTC,9277734.30842668,10175931.5628118,9582.86413793103
2020-06-03 22:00:00 UTC,9692588.6799458,10218416.0291424,9582.06678260869
2020-06-03 23:00:00 UTC,9871524.81824979,9777352.61249214,9628.70608695652
2020-06-04 00:00:00 UTC,9825565.83784211,9768363.54748384,9639.20516129031
2020-06-04 01:00:00 UTC,10257571.3090331,9669770.67400885,9654.93192307692
2020-06-04 02:00:00 UTC,11045701.5440327,9478885.92495847,9668.95733009708
2020-06-04 03:00:00 UTC,11170631.286329,9640605.3057386,9675.53094488189
2020-06-04 04:00:00 UTC,10787857.2112818,10126438.6563585,9656.39319327732
2020-06-04 05:00:00 UTC,10377999.7658422,10138157.0089972,9643.26991150443
2020-06-04 06:00:00 UTC,10202745.0795271,10113571.3377952,9640.62878640776
2020-06-04 07:00:00 UTC,10409171.7586722,10197086.0363862,9654.32064814815
2020-06-04 08:00:00 UTC,10525783.0121016,10267881.7523523,9633.82808080807
2020-06-04 09:00:00 UTC,10048962.9540043,10863420.7692918,9579.24632867133
2020-06-04 10:00:00 UTC,9506571.84094279,11495866.089206,9539.45784615384
2020-06-04 11:00:00 UTC,9748108.90970656,10572257.8503639,9563.67364406779
2020-06-04 12:00:00 UTC,10750434.369874,10694590.1434838,9640.40247422681
2020-06-04 13:00:00 UTC,11667978.2707774,10130816.7659263,9718.88265
2020-06-04 14:00:00 UTC,12131855.3596909,9677270.58977196,9752.15172
2020-06-04 15:00:00 UTC,12167887.019499,10645227.7943845,9758.14345323741
2020-06-04 16:00:00 UTC,11723970.1375711,11222980.2498098,9793.86563063063
2020-06-04 17:00:00 UTC,12580634.3487019,11351863.4978828,9798.82263157895
